<?xml version="1.0" encoding="UTF-8"?>
<sql_configuration >
  <database db_name='ACD' connexion_string='Driver={ODBC Driver 17 for SQL Server};server=AGPRACD;database=ACD_Aiguilleur;trusted_connection=yes;ConnectRetryCount=5;ConnectRetryInterval=30;pooling=False'/>

  <sql_command command_type='select' db_name='ACD' datasetname='acd_aiguilleur_error' >
    <description>
      <![CDATA[Retourne les erreurs de ACD Aiguilleur entre start_date & end_date.
      C'est assez compliqué, cela se base sur la structure et les données dans les logs :-(]]></description>
    <request_parameter name='start_date' format='YYYY-MM-DD'/>
    <request_parameter name='end_date' format='YYYY-MM-DD'/>
    <request><![CDATA[
      DECLARE @START_DATE DATETIME = '{start_date}'
      DECLARE @END_DATE DATETIME = '{end_date}'
      
      --On classe chaque erreur indépendamment avec un Rank
      --On garde toutes les lignes du CorrelationGuid avant l'erreur 
      SET NOCOUNT ON
      DROP TABLE IF EXISTS #LogBeforeError
      SELECT DENSE_RANK  () OVER ( ORDER BY T.AiguilleurLogID ) as Rank,AL.* INTO #LogBeforeError
      FROM [Control].[AiguilleurLog] AL
      INNER JOIN (
      SELECT AiguilleurLogID ,CorrelationGuid,ThreadID
      FROM [Control].[AiguilleurLog] 
      WHERE DATE > @START_DATE AND Date <= @END_DATE AND Level = 'Error'
      ) T on T.CorrelationGuid = AL.CorrelationGuid AND AL.AiguilleurLogID <= T.AiguilleurLogID 

      --À partir de là on suppose que la dernière ligne par Rank qui débute avec 'Début du traitement'
      --contient le nom du fichier en erreur
      --On fait un INNER JOIN pour garder le MaxAiguilleurLogID et l'afficher dans le rapport 
      --(plus simple pour les vérifications)
      DROP TABLE IF EXISTS #FileError
      SELECT A.CorrelationGuid, T1.MaxAiguilleurLogID, A.Message INTO #FileError 
      FROM [Control].[AiguilleurLog] A 
      INNER JOIN (
      SELECT Rank,MAX(T.AiguilleurLogID) MaxAiguilleurLogID FROM #LogBeforeError T
      WHERE MESSAGE like 'Début du traitement%' 
      GROUP BY Rank) T1 ON T1.MaxAiguilleurLogID = A.AiguilleurLogID
      GROUP BY A.CorrelationGuid, T1.MaxAiguilleurLogID, A.Message

      --Puis on cherche le nom du fournisseur pour chaque CorrelationGuid
      DROP TABLE IF EXISTS #ProviderError
      SELECT * INTO #ProviderError FROM [Control].[AiguilleurLog] A
      WHERE EXISTS (SELECT * FROM #LogBeforeError T WHERE T.CorrelationGuid = A.CorrelationGuid)
      AND Message like 'Paramètre : fournisseur%'

      --On construit une table pour avoir un beau résultat :-)
      SELECT distinct 'Error' Status, LE.AiguilleurLogID,
      FORMAT(LE.Date,'HH:mm'),
      SUBSTRING(PE.Message,25,LEN(PE.Message)) as Fournisseur ,
      SUBSTRING(FE.Message,CHARINDEX('''',FE.Message)+1,CHARINDEX('''',FE.Message,CHARINDEX('''',FE.Message)+1)-CHARINDEX('''',FE.Message)-1) as 'Fichier'
      FROM #FileError FE
      INNER JOIN #ProviderError PE ON PE.CorrelationGuid = FE.CorrelationGuid 
      --Il peut y avoir deux AiguilleurLogID pour une erreur ... cela explique le distinct à la fin
      INNER JOIN #LogBeforeError LE ON LE.AiguilleurLogID = FE.MaxAiguilleurLogID
      ]]></request>
  </sql_command>

  <sql_command command_type='select' db_name='ACD' datasetname='acd_surveillance_error'>
    <description><![CDATA[Retourne le nombre d'erreur dans le service de surveillance ACD entre start_date & end_date.]]></description>
    <request_parameter name='start_date' format='YYYY-MM-DD'/>
    <request_parameter name='end_date' format='YYYY-MM-DD'/>
    <request><![CDATA[
      DECLARE @START_DATE DATETIME = '{start_date}'
      DECLARE @END_DATE DATETIME = '{end_date}'

      SELECT COUNT(1) 
      FROM [Control].[SurveillanceLog] 
      WHERE DATE > @START_DATE AND Date <= @END_DATE AND Level = 'Error' 
      ]]></request>
  </sql_command>

  <sql_command command_type='select' db_name='ACD' datasetname='acd_files_status'>
    <description><![CDATA[Retourne le nombre de fichiers critiques reçus et attendus entre start_date & end_date.]]></description>
    <request_parameter name='start_date' format='YYYY-MM-DD'/>
    <request_parameter name='end_date' format='YYYY-MM-DD'/>
    <request><![CDATA[
    DECLARE @START_DATE DATETIME = '{start_date}'
    DECLARE @END_DATE DATETIME = '{end_date}'

    DECLARE @EXPECTED_FILE INT
    SELECT @EXPECTED_FILE = COUNT(1)  FROM FileImportConfig.FileSchedule(@START_DATE,@END_DATE) WHERE Severity = 'Critique' and ActiveNotification = 1 and FileActive = 1

    DECLARE @RECEIVED_FILE INT
    --Nombre de fichiers attendus & critiques & traités !!
    --Group by car on peut recevoir plusieurs fois le même fichier
    SELECT @RECEIVED_FILE = COUNT(1) FROM (
    SELECT S.FileId FROM FileImportConfig.FileSchedule(@START_DATE,@END_DATE) S
    INNER JOIN FileProcessing.FileProcessing FP on FP.FileID = S.FileID AND FP.StartDate > @START_DATE AND FP.StartDate < @END_DATE
    WHERE  Severity = 'Critique' and ActiveNotification = 1 and S.FileActive = 1
    GROUP BY S.FileId ) AS T

    SELECT  @RECEIVED_FILE AS received, @EXPECTED_FILE as expected
    ]]></request>

  </sql_command>

  <sql_command command_type='select' db_name='ACD' datasetname='acd_delayed_files'>
    <description><![CDATA[Retourne les fichiers critiques en retard par rapport à leur horaire planifié entre start_date & end_date.]]></description>
    <request_parameter name='start_date' format='YYYY-MM-DD'/>
    <request_parameter name='end_date' format='YYYY-MM-DD'/>
    <request><![CDATA[
    DECLARE @START_DATE DATETIME = '{start_date}'
    DECLARE @END_DATE DATETIME = '{end_date}'

    SELECT SupplierId, S.FileId, SupplierKey, FileKey, FORMAT(ExpectedAt,'HH:mm') ExpectedTime 
    FROM FileImportConfig.FileSchedule(@START_DATE,@END_DATE) S
    WHERE  Severity = 'Critique' and ActiveNotification = 1 and S.FileActive = 1 AND 
    NOT EXISTS( SELECT FileId FROM FileProcessing.FileProcessing FP WHERE FP.FileId = S.FileId AND FP.StartDate > @START_DATE AND FP.StartDate < @END_DATE)
    order by ExpectedAt, S.FileID
    ]]></request>

  </sql_command>

</sql_configuration> 