<?xml version="1.0" encoding="UTF-8"?>
<sql_configuration >
    <database db_name='ACD' connexion_string='Driver={ODBC Driver 17 for SQL Server};server=AGPRACD;database=ACD_Aiguilleur;trusted_connection=yes;ConnectRetryCount=5;ConnectRetryInterval=30;pooling=False'/>
    <database db_name='DRM_INT' connexion_string='Driver={ODBC Driver 17 for SQL Server};server=AGPRDRM;database=DRM_INT;trusted_connection=yes;ConnectRetryCount=5;ConnectRetryInterval=30;pooling=False'/>
    
    <sql_command command_type='select' db_name='ACD' datasetname='acd_critical_files_received'>
        <description><![CDATA[Retourne les fichiers attendus & critiques & reçus dans ACD entre start_date & end_date.]]></description>
        <request_parameter name='start_date' format='YYYY-MM-DD'/>
        <request_parameter name='end_date' format='YYYY-MM-DD'/>
        <request><![CDATA[
        DECLARE @START_DATE DATETIME = '{start_date}'
        DECLARE @END_DATE DATETIME = '{end_date}'

        --On peut avoir reçu plusieurs fois le fichier (ExecutionDate = MAX)!!
        SELECT S.FileKey, MAX(FP.EndDate) ExecutionDate, FP.ValueDate FileValueDate FROM FileImportConfig.FileSchedule(@START_DATE,@END_DATE) S
        INNER JOIN FileProcessing.FileProcessing FP on FP.FileID = S.FileID AND FP.StartDate > @START_DATE AND FP.StartDate < @END_DATE
        WHERE  Severity = 'Critique' and ActiveNotification = 1 and S.FileActive = 1
        GROUP BY S.FileKey, FP.ValueDate
        ]]></request>
    </sql_command>
    
    <sql_command command_type='select' db_name='DRM_INT' datasetname='drmint_process_errors'>
        <description><![CDATA[Retourne les processus dont la dernière execution entre start_date & end_date et en erreur ou à starting (qui généralement est une erreur aussi).]]></description>
        <request_parameter name='start_date' format='YYYY-MM-DD'/>
        <request_parameter name='end_date' format='YYYY-MM-DD'/>
        <request><![CDATA[
        DECLARE @START_DATE DATETIME = '{start_date}'
        DECLARE @END_DATE DATETIME = '{end_date}'

        SELECT load_cycle_id,provider_key,base_file_name,base_file_date,
        FORMAT(start_time,'HH:mm:ss') start_time, FORMAT(end_time,'HH:mm:ss') end_time, execution_status,nb_row as nb_row_loaded,nb_row_rejected
        FROM [metadata].[load_cycle_data_ssis] L
        WHERE load_cycle_id in (
        select MAX(load_cycle_id)
        FROM [metadata].[load_cycle_data_ssis] 
        WHERE start_time > @START_DATE and start_time < @END_DATE GROUP BY base_file_date,base_file_name)
        AND execution_status in ('Starting','Error','Warning') ORDER BY load_cycle_id
        ]]></request>
    </sql_command>

    <sql_command command_type='select' db_name='DRM_INT' datasetname='drmint_process_status'>
        <description><![CDATA[Retourne le nombre de processus pour chaque statut entre start_date & end_date .]]></description>
        <request_parameter name='start_date' format='YYYY-MM-DD'/>
        <request_parameter name='end_date' format='YYYY-MM-DD'/>
        <request><![CDATA[
        DECLARE @START_DATE DATETIME = '{start_date}'
        DECLARE @END_DATE DATETIME = '{end_date}'

        SELECT execution_status Statut,count(1) 'Nombre de processus' FROM(
        SELECT base_file_date,base_file_name,execution_status,count(1) as nb 
        FROM  [metadata].[load_cycle_data_ssis]
        WHERE start_time > @START_DATE and start_time < @END_DATE
        GROUP BY base_file_date,base_file_name,execution_status) T1 
        GROUP BY execution_status
        ]]></request>
    </sql_command>

    <sql_command command_type='open' db_name='DRM_INT' />
    <sql_command command_type='create_from_resultset' db_name='DRM_INT' table_name='#ACD_CRITICAL_FILES_RECEIVED' resultset_name='acd_critical_files_received' />
    <sql_command command_type='load_from_resultset' db_name='DRM_INT' table_name='#ACD_CRITICAL_FILES_RECEIVED' resultset_name='acd_critical_files_received' />
    
    <sql_command command_type='select' db_name='DRM_INT' datasetname='drmint_notloaded_files'>
        <description><![CDATA[Retourne les fichiers critiques traités dans ACD mais non traités à succès dans DRM_INT entre start_date & end_date.]]></description>
        <request_parameter name='start_date' format='YYYY-MM-DD'/>
        <request_parameter name='end_date' format='YYYY-MM-DD'/>
        <request><![CDATA[
        DECLARE @START_DATE DATETIME = '{start_date}'
        DECLARE @END_DATE DATETIME = '{end_date}'

        SELECT A.FileKey,FORMAT(A.ExecutionDate,'HH:mm') FileArrivedAt,FVM.view_name ViewName
        FROM #ACD_CRITICAL_FILES_RECEIVED A
        INNER JOIN [metadata].[file_view_mapping] FVM on FVM.file_key = A.FileKey
        LEFT JOIN [metadata].[load_cycle_data_ssis] L on L.file_key = A.FileKey AND A.FileValueDate = L.base_file_date
        AND start_time > @START_DATE and start_time < @END_DATE
        WHERE l.execution_status is null 
        ORDER BY A.ExecutionDate
        ]]></request>
    </sql_command>
    
    <sql_command command_type='close' db_name='DRM_INT' />

</sql_configuration> 