<?xml version="1.0" encoding="UTF-8"?>
<sql_configuration >
    <database db_name='MARKIT' connexion_string='Driver={ODBC Driver 17 for SQL Server};server=AGPRDRM;database=cadis;trusted_connection=yes;ConnectRetryCount=5;ConnectRetryInterval=30;pooling=False'/>
    <sql_command command_type='select' db_name='MARKIT' datasetname='markit_process_errors'>
        <description><![CDATA[Retourne les processus Markit dont la dernière execution entre start_date & end_date est en erreur.
        Ce qui complexifie la requête c'est que l'on tient comptes des paramètres (qui sont stockés dans du XML :-))
        Donc pour qu'un processus soit considéré comme réexécuté à succès il faut que cela soit avec les même pramètres que lorsqu'il était en erreur !
        C'est bien logique :-) et cela fonctionne dans la très grande majorité des cas.]]></description>
        <request_parameter name='start_date' format='YYYY-MM-DD'/>
        <request_parameter name='end_date' format='YYYY-MM-DD'/>
        <request><![CDATA[
        --Sur certaines requêtes SQL Server a du mal à comprendre que c'est vraiment un select et retourne une erreur ! 
        --SET NOCOUNT ON, c'est pour éviter ce problème
        SET NOCOUNT ON
        DECLARE @START_DATE DATETIME = '{start_date}'
        DECLARE @END_DATE DATETIME = '{end_date}'
        --Récupère les paramètres Overrides des processsus 
        --Mais exclus le paramètre CorrelationID qui varie à chaque fois mais n'apporte pas de variation dans l'exécution 
        --(il est là juste pour la trace)
        DROP TABLE IF EXISTS #PARAMS_OVERRIDE
        SELECT RUNID,NAME, RUNPARAMS
        , T2.Params.value('Name[1]', 'varchar(max)') PName, T2.Params.value('Value[1]', 'varchar(max)') PValue,
        CONCAT(T2.Params.value('Name[1]', 'varchar(max)') ,'=', T2.Params.value('Value[1]', 'varchar(max)')) Param  INTO #PARAMS_OVERRIDE 
        FROM cadis.vwSolutionHistory T 
        CROSS APPLY RUNPARAMS.nodes('CadisXml/Content/Overrides/list/Item') AS T2(Params)
        WHERE runstart>@START_DATE AND runstart< @END_DATE
        AND RUNCOMPLETE=1 AND TOPLEVEL = 1 AND T2.Params.value('Name[1]', 'varchar(max)') <> 'CorrelationID'
        ORDER BY T2.Params.value('Name[1]', 'varchar(max)')


        --On met les paramètres sur une même ligne associés au RUNID
        --On fait un GROUP BY pour ne pas avoir plusieurs lignes pour le même ID
        --Le GROUP BY semble fait avant l'évaluation de la requête colonne ... ! 
        DROP TABLE IF EXISTS #PARAMS
        SELECT RUNID,NAME, 
        --REMOVE the first <br>
        STUFF(
        (--TYPE directive is used for to avoid XML encoding (like replacement for > < characters)
        --Order by is mandatory to be constistend and find duplicate afer that
        SELECT  '<br>'+ Param FROM #PARAMS_OVERRIDE  WHERE P.RunID = RUNID ORDER BY RUNID,Param FOR XML PATH,TYPE
        ).value('.[1]', 'nvarchar(max)'),1, 4,'')
        AS P INTO #PARAMS 
        FROM #PARAMS_OVERRIDE P GROUP BY RUNID,NAME

        --On refait un join pour avoir les process qui n'on pas de PARAMS_OVERRIDE 
        DROP TABLE IF EXISTS #Process
        SELECT V.RUNID,V.RUNSTART,V.RUNEND,V.RUNSUCCESSFUL,V.RETURNCODE,V.NAME, 
        ISNULL(PS.P,'See parameters cadis.vwSolutionHistory') PARAMS 
        INTO #Process
        FROM cadis.vwSolutionHistory V  
        LEFT JOIN #PARAMS PS on PS.RUNID = V.RUNID 
        WHERE runstart>@START_DATE AND runstart< @END_DATE
        AND RUNCOMPLETE=1 AND TOPLEVEL = 1 
        ORDER BY RUNID

        --On prend seulement les procesus dont la dernière exécution est en échec
        SELECT RUNID,NAME,FORMAT(RUNSTART,'yyyy-MM-dd') RUNDAY,
        FORMAT(RUNSTART,'HH:mm:ss') RUNSTART,FORMAT(RUNEND,'HH:mm:ss') RUNEND,
        PARAMS, RETURNCODE FROM #Process WHERE RUNID IN 
        (SELECT MAX(RUNID) FROM #Process GROUP BY NAME,PARAMS)
        AND RUNSUCCESSFUL = 0 ORDER BY 1
        ]]></request>
    </sql_command>
    
    <sql_command command_type='select' db_name='MARKIT' datasetname='markit_process_status'>
    <description><![CDATA[Retourne le nombre de processus pour chaque statut entre start_date & end_date .]]></description>
    <request_parameter name='start_date' format='YYYY-MM-DD'/>
    <request_parameter name='end_date' format='YYYY-MM-DD'/>
    <request><![CDATA[
    DECLARE @START_DATE DATETIME = '{start_date}'
    DECLARE @END_DATE DATETIME = '{end_date}'

    SELECT CASE RUNSUCCESSFUL WHEN 0 THEN 'Error' ELSE 'Success' END Statut,count(1) 'Nombre de processus' 
    FROM cadis.vwSolutionHistory 
    WHERE  runstart> @START_DATE AND runstart< @END_DATE AND RUNCOMPLETE=1 AND TOPLEVEL = 1 
    GROUP BY RUNSUCCESSFUL
    ]]></request>
  </sql_command>
</sql_configuration> 