<?xml version="1.0" encoding="UTF-8"?>
<sql_configuration >
    <database db_name='DRM_CTL' connexion_string='Driver={ODBC Driver 17 for SQL Server};server=AGPRDRM;database=DRM_CTL;trusted_connection=yes;ConnectRetryCount=5;ConnectRetryInterval=30;pooling=False'/>
    
    <sql_command command_type='select' db_name='DRM_CTL' datasetname='drm_ctl_errors'>
        <description><![CDATA[Retourne les processus dont la dernière execécution est en échec entre start_date & end_date .]]></description>
        <request_parameter name='start_date' format='YYYY-MM-DD'/>
        <request_parameter name='end_date' format='YYYY-MM-DD'/>
        <request><![CDATA[
        DECLARE @START_DATE DATETIME = '{start_date}'
        DECLARE @END_DATE DATETIME = '{end_date}'
        SELECT WebAPILogID,Date,Logger, SUBSTRING(Message,0,CHARINDEX('.',Message,0)+1)  
        FROM control.WebAPILog WHERE 
        (Message LIKE '%ERMNotification% a terminé en échec%' OR Message LIKE '%erreur%produite%notification de contexte%')
        AND DATE  > @START_DATE AND DATE < @END_DATE

        ORDER BY DATE
        ]]></request>
    </sql_command>

    
</sql_configuration> 