<?xml version="1.0" encoding="UTF-8"?>
<sql_configuration >
    <database db_name='EDRM' connexion_string='Driver={ODBC Driver 17 for SQL Server};server=AGPRDRM;database=DRM_ERM;trusted_connection=yes;ConnectRetryCount=5;ConnectRetryInterval=30;pooling=False'/>
    
    <sql_command command_type='select' db_name='EDRM' datasetname='edrm_process_errors'>
        <description><![CDATA[Retourne les processus dont la dernière execécution est en échec entre start_date & end_date .]]></description>
        <request_parameter name='start_date' format='YYYY-MM-DD'/>
        <request_parameter name='end_date' format='YYYY-MM-DD'/>
        <request><![CDATA[
        DECLARE @START_DATE DATETIME = '{start_date}'
        DECLARE @END_DATE DATETIME = '{end_date}'

        --DateEnd correspond au moment ou le processus débute ! (c'est la DateEnd mais pour la sélection des données)
        --ModificationDate correspond au moment ou le processus termine (c'est le moment ou l'on vient mettre le statut de la ligne à jour)
        --DateStart correspond au paramètre pour la sélection dans le output de Markit
        SELECT ERMCycleID,Name, FORMAT(DateEnd,'HH:mm:ss') StartTime,
        FORMAT(ModificationDate,'HH:mm:ss') EndTime,FORMAT(DateStart,'HH:mm:ss') ParameterDate,
        Status FROM [control].[ERMCycle] EC
        LEFT JOIN [control].[ERMCycleDefinition] ECD on ECD.ERMCycleDefinitionID = EC.ERMCycleDefinitionID
        WHERE (ERMCycleID) in (
        SELECT MAX(ERMCycleID)
        FROM [control].[ERMCycle] EC
        LEFT JOIN [control].[ERMCycleDefinition] ECD on ECD.ERMCycleDefinitionID = EC.ERMCycleDefinitionID
        WHERE [ModificationDate] > @START_DATE AND [ModificationDate] < @END_DATE
        GROUP BY Name,DateStart)
        AND Status in ('Error')
        ORDER BY ERMCycleID
        ]]></request>
    </sql_command>

    <sql_command command_type='select' db_name='EDRM' datasetname='edrm_process_status'>
        <description><![CDATA[Retourne le nombre de processus pour chaque statut entre start_date & end_date.]]></description>
        <request_parameter name='start_date' format='YYYY-MM-DD'/>
        <request_parameter name='end_date' format='YYYY-MM-DD'/>
        <request><![CDATA[
        DECLARE @START_DATE DATETIME = '{start_date}'
        DECLARE @END_DATE DATETIME = '{end_date}'

        SELECT Status Statut, count(1) AS 'Nombre de processus'
        FROM [control].[ERMCycle] EC
        WHERE [ModificationDate] > @START_DATE AND [ModificationDate] < @END_DATE
        GROUP BY Status
        ]]></request>
    </sql_command>

</sql_configuration> 